{"train_loss": [0.6915495553250506, 0.6705403546534622, 0.6197720119820983, 0.5786925660394656, 0.5615341576940215, 0.621694657721245, 0.6159155235361697, 0.5782203090978838], "train_acc": [0.5499, 0.5955666666666667, 0.6665333333333333, 0.7125, 0.7340333333333333, 0.6769, 0.6885333333333333, 0.7161333333333333], "val_loss": [0.6938260635243186, 0.6544084307513659, 0.593229171595996, 0.6021596766725371, 0.5994578147236305, 0.5743798462650443, 0.5988321689110768, 0.5429476095905786], "val_acc": [0.532, 0.6245, 0.6932, 0.687, 0.6865, 0.7113, 0.72, 0.7425]}