{"train_loss": [0.6507969574252171, 0.5355737339586083, 0.433845477762507, 0.3436965951279028, 0.28148983187004445, 0.2309990902063943, 0.1787481466208948, 0.1427447656308537, 0.1065425795516861, 0.07340497311963233, 0.056937019457853934, 0.04727529398878532, 0.0356410961078881, 0.033619688994842946, 0.032954023096775975, 0.027612850275774325, 0.02870378676709582, 0.025898502371000894, 0.021041545508948684, 0.02120398316752793, 0.022195409167744616, 0.023420194367769417, 0.022327502147539823, 0.018764725102987358, 0.015204857279794034, 0.017526545498926224, 0.020245602602782752, 0.016022190544828733, 0.014273521764709531, 0.018505615966162705, 0.015326765352867044, 0.014221731289534389, 0.015429800936855056, 0.014191960362484927, 0.010083659029813227, 0.011539905739342868, 0.015627178290975156, 0.01483114283537303, 0.014283981639395421, 0.009636363658555367, 0.012422993598974495, 0.01592903328107991, 0.01566534876036691, 0.008313885696769965, 0.010940826611362149, 0.00916264333930801, 0.010464746529339881, 0.009509600920096683, 0.010202886288566925, 0.010739806977009821], "train_acc": [0.6206333333333334, 0.7417, 0.8125333333333333, 0.8587333333333333, 0.8877333333333334, 0.9132333333333333, 0.9353333333333333, 0.9498, 0.9634, 0.9764, 0.982, 0.9846, 0.9892333333333333, 0.99, 0.9907, 0.9905666666666667, 0.9907333333333334, 0.9924, 0.9935333333333334, 0.9934, 0.9937, 0.9928333333333333, 0.9931, 0.9946, 0.9952333333333333, 0.9944666666666667, 0.9936, 0.9948666666666667, 0.9958333333333333, 0.9941666666666666, 0.9954666666666667, 0.9951, 0.9953666666666666, 0.9956333333333334, 0.9970333333333333, 0.9965666666666667, 0.9952666666666666, 0.9953666666666666, 0.9958333333333333, 0.9973666666666666, 0.9962666666666666, 0.9949666666666667, 0.9953, 0.9976333333333334, 0.9966, 0.9971666666666666, 0.9965333333333334, 0.9972666666666666, 0.9973333333333333, 0.9969], "val_loss": [0.603894487966465, 0.4865452662298951, 0.41420157612124575, 0.3777499557295932, 0.3445883506461035, 0.35223538287078276, 0.3719803492856931, 0.4194297128463093, 0.4287477392184583, 0.5216809864851493, 0.5304051184956031, 0.5721886774784402, 0.6470390565787689, 0.6275988601242439, 0.7000562363787542, 0.6808108249797097, 0.7016519919226442, 0.7488265580768827, 0.7268185184066054, 0.7339170597776582, 0.8388555925103682, 0.7262183944635754, 0.767302019309394, 0.8236076760141156, 0.7887642636329313, 0.776960967462274, 0.7732596778416936, 0.8488239427156086, 0.8579166267491594, 0.8421425434607493, 0.8345690656311905, 0.8348311173576343, 0.9349857233052107, 0.8914460279519045, 0.9073447709596609, 0.9262997425055202, 0.8669471721860427, 0.8233419370047653, 0.8280930224853226, 0.873430514637428, 0.9160130272937727, 0.8429120292391958, 0.887465638827674, 0.8907231269757959, 0.8931532558761065, 0.8754402150081683, 0.9119468463372581, 0.9489120388332801, 0.9203866271278526, 0.9287055942076671], "val_acc": [0.6672, 0.7671, 0.8187, 0.8425, 0.8598, 0.8604, 0.868, 0.8696, 0.8656, 0.8682, 0.8674, 0.8684, 0.8628, 0.8678, 0.8654, 0.8645, 0.8596, 0.8623, 0.8695, 0.8652, 0.8622, 0.8617, 0.8631, 0.8682, 0.859, 0.8603, 0.8674, 0.8658, 0.864, 0.8624, 0.8572, 0.8577, 0.8668, 0.8658, 0.8658, 0.8664, 0.8656, 0.859, 0.8649, 0.8662, 0.8674, 0.8519, 0.8667, 0.8653, 0.8657, 0.8604, 0.8642, 0.8712, 0.8681, 0.8675]}