{"train_loss": [0.5023037388380657, 0.354723490695201, 0.28704381017669683, 0.23988637599800186, 0.20472903081031243, 0.16825189867984258, 0.1451844268881563, 0.11467312669941485, 0.09323240036585692, 0.0755854497677577, 0.06766511132230243, 0.060585388326957854, 0.05189755267283913, 0.05032313179630818, 0.04963684861070669, 0.05180385293232263, 0.04451356709265569, 0.04270287460211524, 0.04519484988026527, 0.043275233363729716, 0.04223837923513713, 0.03476607688044983, 0.03507935741775062, 0.033001142068280045, 0.03138280749394333, 0.03240624912608631, 0.03065818054467511, 0.03174511183306192, 0.03198876998416195, 0.02776852391727481, 0.026548841434132768, 0.030876494977046857, 0.029682879017215214, 0.02923842849598866, 0.028203006681570632, 0.025543136810047377, 0.02753060982518046, 0.024336246400370326, 0.024966009653425082, 0.02489760765878569, 0.02308457209903033, 0.027816982202873285, 0.020008883591970183, 0.024436581938279058, 0.02586352409879818, 0.021031167048939578, 0.02328254783066607, 0.01976408314317026, 0.01939033964324419, 0.019012346877274648], "train_acc": [0.7435333333333334, 0.8456333333333333, 0.8795666666666667, 0.9052333333333333, 0.9191666666666667, 0.9356333333333333, 0.9471666666666667, 0.9595333333333333, 0.9671, 0.9734666666666667, 0.9756666666666667, 0.9790333333333333, 0.9813666666666667, 0.9829333333333333, 0.9816, 0.9814, 0.9831666666666666, 0.9849666666666667, 0.984, 0.9842, 0.9849, 0.9877, 0.9875666666666667, 0.9877333333333334, 0.9888666666666667, 0.9888333333333333, 0.9889, 0.9889666666666667, 0.9885666666666667, 0.9903, 0.9907333333333334, 0.9891666666666666, 0.9894666666666667, 0.9897333333333334, 0.9905, 0.9907, 0.9898, 0.9918666666666667, 0.9914666666666667, 0.9912333333333333, 0.9921666666666666, 0.9896333333333334, 0.9934, 0.9914333333333334, 0.991, 0.9934, 0.9917, 0.9936, 0.9934666666666667, 0.9935333333333334], "val_loss": [0.41919669320311725, 0.37885870246947567, 0.36708049891115746, 0.3827710461012925, 0.39589459052945997, 0.42466475088385086, 0.48270810442634776, 0.5486513666714294, 0.6875936241844033, 0.7446937108341651, 0.6985241078500506, 0.7778970289833939, 0.7420056013366844, 0.9850719201413891, 0.9171919464310513, 0.8108552569829965, 0.8058721034587184, 0.9116509462459178, 0.8230138858662376, 0.9108076770848865, 0.9520784216591075, 0.8764204360261748, 0.9030763955810402, 1.0219334729864626, 0.9922434133064898, 1.0368697349029252, 1.053250977887383, 1.0534844862509378, 0.9365213249303117, 1.1063933387587341, 0.9100720293914215, 1.0057216593170468, 1.0670990121515491, 0.950995311706881, 0.9513287001018282, 0.9555653480789329, 1.0979013887198665, 1.0571234314879285, 1.158901376343226, 1.1008676837516735, 1.0800814360757418, 1.0721454114146247, 0.9590322169699247, 0.8904350109964232, 1.0797258762619164, 1.0339681747593457, 1.035779497668713, 0.9341018978930726, 0.9127507916168321, 1.0778979489320442], "val_acc": [0.8099, 0.8335, 0.8389, 0.8474, 0.8528, 0.8493, 0.8468, 0.8485, 0.8477, 0.8462, 0.8453, 0.8437, 0.8447, 0.8402, 0.84, 0.8405, 0.8396, 0.8339, 0.8388, 0.836, 0.8379, 0.8427, 0.8384, 0.841, 0.8355, 0.8373, 0.828, 0.8389, 0.8334, 0.8292, 0.8362, 0.8331, 0.8293, 0.8385, 0.8379, 0.8302, 0.841, 0.835, 0.8306, 0.8293, 0.8266, 0.8385, 0.8364, 0.8364, 0.8351, 0.8378, 0.8347, 0.8336, 0.8347, 0.8352]}