{"train_loss": [0.6964020078370312, 0.6616132960899044, 0.622588127978575, 0.6082812259192152, 0.5744109552806375, 0.5376427287358974, 0.5183130494440034, 0.49787899229063914, 0.46249127550038704, 0.42687854641027795, 0.39653164014887454, 0.3686532017582261, 0.37492840976984515, 0.3528393414864408, 0.40995229605926886, 0.5153458705906675, 0.40919049694212767, 0.366463269823904, 0.3404615179879833, 0.3574432559740315, 0.316354030294459, 0.32224686890205084, 0.3095035315957913, 0.28869957006625785, 0.2776022948848922, 0.2711713033349021, 0.256226529953068, 0.24635741649977944, 0.2355202807149272, 0.23404611431872413, 0.22238024745160329, 0.21548312231262864, 0.20019228075708406, 0.2031355601336275, 0.5125096911735245, 0.633471528477252, 0.4920996852012586, 0.4812822491248279, 0.5890553276549017, 0.4158233918233721, 0.4144232399555158, 0.39411346001157377, 0.3559155329934824, 0.38408846406540126, 0.4151975403843658, 0.4146473880197956, 0.3759847390753374, 0.37922289977068585, 0.3712758591879151, 0.3895818206356533], "train_acc": [0.5387666666666666, 0.6086, 0.6742666666666667, 0.6969333333333333, 0.7260333333333333, 0.7546333333333334, 0.7703, 0.7769333333333334, 0.8093, 0.8239, 0.8393, 0.8537666666666667, 0.8542, 0.8634666666666667, 0.8345333333333333, 0.7632666666666666, 0.8322666666666667, 0.8555666666666667, 0.8688, 0.8637666666666667, 0.8790666666666667, 0.878, 0.8845333333333333, 0.8909333333333334, 0.894, 0.8977666666666667, 0.9050666666666667, 0.9071666666666667, 0.9134, 0.9124333333333333, 0.9170666666666667, 0.9219, 0.9272333333333334, 0.9261, 0.7512, 0.6278333333333334, 0.7728, 0.7685666666666666, 0.6721333333333334, 0.8175333333333333, 0.8219, 0.8317333333333333, 0.8497333333333333, 0.8354, 0.8128333333333333, 0.8139333333333333, 0.8381666666666666, 0.8382333333333334, 0.8436, 0.8303], "val_loss": [0.7105404266828224, 0.6570563821852962, 0.6628431360932845, 0.5795561965507797, 0.5517898047272163, 0.5295353211179564, 0.5610595673699922, 0.5012134472026101, 0.4607755036293706, 0.475102030778233, 0.4337967177735099, 0.43611628911163236, 0.45815953310531904, 0.47560745062707344, 0.4687506971479971, 0.5558374203458617, 0.504803485130962, 0.4477368627167955, 0.4819343222092979, 0.4679013483131988, 0.4580377476124824, 0.5771060114419913, 0.4660149839105485, 0.4792100613630271, 0.48311789899687224, 0.61985541898993, 0.527802394537986, 0.5464698008344143, 0.5296174257616454, 0.5442324825857259, 0.578265143346183, 0.6173662196231794, 0.5934314046856723, 0.5905612446839297, 0.7582781963710543, 0.6935614377637452, 0.6439804902559594, 0.7959149502500703, 0.6610344799259041, 0.6579520879667017, 0.6583029307142089, 0.6286593781241888, 0.6010111509999142, 0.6940759854226173, 0.5811605336545389, 0.6222221240212645, 0.6586585686176638, 0.6181452994859671, 0.6052259908446783, 0.6513208098049406], "val_acc": [0.5051, 0.6145, 0.658, 0.716, 0.7463, 0.7606, 0.7457, 0.7726, 0.8043, 0.8013, 0.8015, 0.8203, 0.8138, 0.7976, 0.8228, 0.748, 0.7841, 0.7959, 0.7735, 0.8084, 0.8216, 0.7877, 0.811, 0.8018, 0.7989, 0.7919, 0.805, 0.7995, 0.8044, 0.8131, 0.7938, 0.7948, 0.8192, 0.7925, 0.5626, 0.6192, 0.6977, 0.5083, 0.6787, 0.692, 0.7327, 0.7557, 0.7536, 0.6956, 0.7348, 0.7237, 0.7333, 0.7327, 0.7539, 0.7026]}