{"train_loss": [0.5157453243030923, 0.34758361586248443, 0.28711904524994303, 0.2374698769595069, 0.20560960273053855, 0.1751771389341939, 0.14421695331806567, 0.11606912351032692], "train_acc": [0.7276333333333334, 0.848, 0.8787333333333334, 0.9037333333333334, 0.9206333333333333, 0.9342, 0.9474, 0.9590666666666666], "val_loss": [0.4506761605226541, 0.36417364564877525, 0.3530169574520256, 0.38372928229502484, 0.384910031115707, 0.41500097739545605, 0.45235795310780974, 0.48868475863827937], "val_acc": [0.7874, 0.8362, 0.847, 0.8424, 0.8544, 0.8533, 0.8539, 0.848]}