{"train_loss": [0.6115262842000421, 0.4788457139341562, 0.4088638790571359, 0.3643919271764471, 0.31459942116920375, 0.2700387730972091, 0.2273323182453479, 0.1866952123990191, 0.1434664190101471, 0.11584154293258815, 0.08744650639530056, 0.06953158223632175, 0.056184199072722436, 0.046112062708377394, 0.042423674740445325, 0.04056545444923058, 0.0372719410876396, 0.03337024644052963, 0.03223572039767218, 0.02902457310107233, 0.02903552457957324, 0.027979158807788163, 0.02833397016063261, 0.02610349916874854, 0.026130990781657485, 0.02635824038306557, 0.025059397739327468, 0.025290153471619954, 0.02276721484633957, 0.024426166732450013, 0.02222826928507213, 0.020797843384846394, 0.019694558152907105, 0.02156484071896332, 0.023030174397942877, 0.02179199975750435, 0.021501843698820702, 0.022922199757917146, 0.020703755090941987, 0.01970651559446363, 0.018894154521915167, 0.01971217375365334, 0.01905579056239812, 0.017892726682010356, 0.018446134683480095, 0.01899718787221522, 0.022384778104426125, 0.01744164137730945, 0.017918984472002242, 0.018550124987940005], "train_acc": [0.6603, 0.7672, 0.8086, 0.8369666666666666, 0.8638, 0.8851333333333333, 0.9074, 0.9265666666666666, 0.946, 0.9575666666666667, 0.9697333333333333, 0.9772, 0.9805333333333334, 0.9845333333333334, 0.9857666666666667, 0.9866666666666667, 0.9879, 0.9882666666666666, 0.9892333333333333, 0.9899, 0.9902333333333333, 0.9897333333333334, 0.9899666666666667, 0.9909333333333333, 0.9907666666666667, 0.9906, 0.9907, 0.9909333333333333, 0.9916666666666667, 0.9918, 0.9929, 0.9925333333333334, 0.9932333333333333, 0.9925333333333334, 0.9919333333333333, 0.9916666666666667, 0.9928, 0.9919333333333333, 0.9926, 0.9934, 0.9933333333333333, 0.9933666666666666, 0.9934333333333333, 0.9938, 0.9938, 0.9935666666666667, 0.9924666666666667, 0.9941666666666666, 0.9937666666666667, 0.9931333333333333], "val_loss": [0.4672945285145241, 0.4178256720681734, 0.36931639815433115, 0.3412954790305488, 0.3229251330411887, 0.31344451651543004, 0.3095276206731796, 0.3214486248885529, 0.323618084192276, 0.3486572547426707, 0.3717540236590784, 0.3994306263667119, 0.43277571510665025, 0.45856112732162957, 0.4872539422557324, 0.5086800299490555, 0.532340647676323, 0.5692893083714232, 0.5854979478105714, 0.5952388802661172, 0.6302604320683057, 0.6366953883744493, 0.6709429169002967, 0.6754332537515254, 0.6995156973223143, 0.7281139328887191, 0.7256443081777307, 0.7511782336838638, 0.7452760963123056, 0.7507714357557176, 0.7596274472867386, 0.7693489474963539, 0.8007642853109143, 0.8127107524041888, 0.8241104019593589, 0.8249663022122805, 0.8389601492429082, 0.8519994058186495, 0.8609518076800093, 0.8440777848038492, 0.8459970317309415, 0.8745171412636962, 0.861580706284016, 0.8688087993407552, 0.8914061433906797, 0.9131999577902541, 0.8840975614288186, 0.9056602150579042, 0.9032973967775514, 0.9092363171939608], "val_acc": [0.7888, 0.8118, 0.8337, 0.847, 0.8592, 0.8656, 0.8728, 0.8698, 0.8731, 0.8717, 0.8718, 0.8717, 0.8703, 0.8687, 0.8674, 0.8697, 0.8642, 0.865, 0.8657, 0.8659, 0.8601, 0.8657, 0.862, 0.8662, 0.8617, 0.8602, 0.8649, 0.8596, 0.8649, 0.8624, 0.8614, 0.8624, 0.8641, 0.8636, 0.8598, 0.8598, 0.8588, 0.8592, 0.8596, 0.8622, 0.8634, 0.865, 0.8616, 0.8627, 0.8615, 0.8575, 0.861, 0.8591, 0.8581, 0.8617]}